,address,beds,locality,price,reference
0,0 Gateway,,"Rock Springs, WY 82901","$725,000",Courtesy Of All Broker Realty
1,1003 Winchester Blvd.,4 Beds,"Rock Springs, WY 82901","$452,900",Listed By CENTURY 21 Rocky Mountain Realty
2,600 Talladega,5 Beds,"Rock Springs, WY 82901","$396,900",Courtesy Of All Broker Realty
3,3239 Spearhead Way,4 Beds,"Rock Springs, WY 82901","$389,900",Courtesy Of Coldwell Banker Sweetwater Realty
4,522 Emerald Street,3 Beds,"Rock Springs, WY 82901","$254,000",Courtesy Of Coldwell Banker Sweetwater Realty
5,1302 Veteran's Drive,4 Beds,"Rock Springs, WY 82901","$252,900",Courtesy Of Coldwell Banker Sweetwater Realty
6,1021 Cypress Cir,4 Beds,"Rock Springs, WY 82901","$210,000",Courtesy Of Coldwell Banker Sweetwater Realty
7,913 Madison Dr,3 Beds,"Rock Springs, WY 82901","$209,000",Courtesy Of Coldwell Banker Sweetwater Realty
8,1344 Teton Street,3 Beds,"Rock Springs, WY 82901","$199,900",Courtesy Of Coldwell Banker Sweetwater Realty
9,4 Minnies Lane,3 Beds,"Rock Springs, WY 82901","$196,900",Listed By CENTURY 21 Rocky Mountain Realty
